Edge of Seventeen,Stevie Nicks,Edge_of_Seventeen.mp3,2id8E4WvczfKHB4LHI7Np3
Go Your Own Way - 2004 Remaster,Fleetwood Mac,Go_Your_Own_Way_-_2004_Remaster.mp3,4xh7W7tlNMIczFhupCPniY
Make Me Smile (Come Up And See Me),Steve Harley,Make_Me_Smile_(Come_Up_And_See_Me).mp3,4uNT0flZ6k8iUi1g5NPY3h
The Boys Of Summer,Don Henley,The_Boys_Of_Summer.mp3,4gvea7UlDkAvsJBPZAd4oB
"December, 1963 (Oh, What a Night)",Frankie Valli & The Four Seasons,"December,_1963_(Oh,_What_a_Night).mp3",4nuPrKithHbRJXuA9spwu4
Raspberry Beret,Prince,Raspberry_Beret.mp3,5jSz894ljfWE0IcHBSM39i
Need You Tonight,INXS,Need_You_Tonight.mp3,5eU8qMd0TpaLqTGDZJaLDs
Don't Stop - 2004 Remaster,Fleetwood Mac,Don't_Stop_-_2004_Remaster.mp3,4bEb3KE4mSKlTFjtWJQBqO
Don't You Want Me,The Human League,Don't_You_Want_Me.mp3,3L7RtEcu1Hw3OXrpnthngx
You Make My Dreams (Come True),Daryl Hall & John Oates,You_Make_My_Dreams_(Come_True).mp3,4o6BgsqLIBViaGVbx5rbRk
Dancing In the Dark,Bruce Springsteen,Dancing_In_the_Dark.mp3,7FwBtcecmlpc1sLySPXeGE
Tainted Love,Soft Cell,Tainted_Love.mp3,58E1XVmZTODC67YNjneuXM
Kickstart My Heart,Mötley Crüe,Kickstart_My_Heart.mp3,7GonnnalI2s19OCQO1J7Tf
1999,Prince,1999.mp3,2H7PHVdQ3mXqEHXcvclTB0
Come On Eileen,Dexys Midnight Runners,Come_On_Eileen.mp3,2Hw2JEL4tjdcX8aERfIdBF
9 to 5,Dolly Parton,9_to_5.mp3,4w3tQBXhn5345eUXDGBWZG
Dreams - 2004 Remaster,Fleetwood Mac,Dreams_-_2004_Remaster.mp3,0ofHAoxe9vBkTCp2UQIavz
I'm Still Standing,Elton John,I'm_Still_Standing.mp3,0lzpfrTARexLFXEACKSXTh
Rebel Rebel - 2016 Remaster,David Bowie,Rebel_Rebel_-_2016_Remaster.mp3,2EC9IJj7g0mN1Q5VrZkiYY
All Right Now,Free,All_Right_Now.mp3,7IhkWF9zpiYKlU7CxHxYT9
Born to Run,Bruce Springsteen,Born_to_Run.mp3,6hTcuIQa0sxrrByu9wTD7s
Don't Bring Me Down,Electric Light Orchestra,Don't_Bring_Me_Down.mp3,72ahyckBJfTigJCFCviVN7
Baba O'Riley,The Who,Baba_O'Riley.mp3,3qiyyUfYe7CRYLucrPmulD
Higher Love,Steve Winwood,Higher_Love.mp3,4ZExvJvQXPEeYzGU0N3THi
Walk Of Life,Dire Straits,Walk_Of_Life.mp3,4xxB8QUtn8rF4Z2yaRICqp
"Danger Zone - From ""Top Gun"" Original Soundtrack",Kenny Loggins,"Danger_Zone_-_From_""Top_Gun""_Original_Soundtrack.mp3",34x6hEJgGAOQvmlMql5Ige
Runnin' Down A Dream,Tom Petty,Runnin'_Down_A_Dream.mp3,5yAu4njFSdM47dfsTkQPZ2
Hungry Like the Wolf - 2009 Remaster,Duran Duran,Hungry_Like_the_Wolf_-_2009_Remaster.mp3,39lSeqnyjZJejRuaREfyLL
Start Me Up - Remastered 2009,The Rolling Stones,Start_Me_Up_-_Remastered_2009.mp3,7HKez549fwJQDzx3zLjHKC
St. Elmos Fire (Man in Motion),John Parr,St._Elmos_Fire_(Man_in_Motion).mp3,1A2PWRltFrX8iB8IP3CUgo
We Built This City,Starship,We_Built_This_City.mp3,7aHRctaQ7vjxVTVmY8OhAA
We Didn't Start the Fire,Billy Joel,We_Didn't_Start_the_Fire.mp3,3Cx4yrFaX8CeHwBMReOWXI
You Shook Me All Night Long,AC/DC,You_Shook_Me_All_Night_Long.mp3,2SiXAy7TuUkycRVbbWDEpo
Rebel Yell,Billy Idol,Rebel_Yell.mp3,4TIJ7zSBNejpoIPaWpWRKc
Running Up That Hill (A Deal With God) - 2018 Remaster,Kate Bush,Running_Up_That_Hill_(A_Deal_With_God)_-_2018_Remaster.mp3,29d0nY7TzCoi22XBqDQkiP
You Ain't Seen Nothing Yet,Bachman-Turner Overdrive,You_Ain't_Seen_Nothing_Yet.mp3,0HOrDVS349XFcpCYsO2hAP
Cruel Summer,Bananarama,Cruel_Summer.mp3,0wnJdLDUi9fkDl5nxhDlqO
Learning To Fly,Tom Petty and the Heartbreakers,Learning_To_Fly.mp3,17S4XrLvF5jlGvGCJHgF51
Solsbury Hill,Peter Gabriel,Solsbury_Hill.mp3,1CM1wOqD2AIjt2MWd31LV2
Glory Days,Bruce Springsteen,Glory_Days.mp3,2Y90nL1ohB4sgYELDs7uNx
Break My Stride,Matthew Wilder,Break_My_Stride.mp3,1mCsF9Tw4AkIZOjvZbZZdT
Faith - Remastered,George Michael,Faith_-_Remastered.mp3,0HEmnAUT8PHznIAAmVXqFJ
End Of The Line,Traveling Wilburys,End_Of_The_Line.mp3,4HA2jo7wkMdN1lmLO6ryzE
Jane,Jefferson Starship,Jane.mp3,2RNd6VgxG19db0zs0M1C4Z
Listen to the Music,The Doobie Brothers,Listen_to_the_Music.mp3,7Ar4G7Ci11gpt6sfH9Cgz5
American Girl,Tom Petty and the Heartbreakers,American_Girl.mp3,7MRyJPksH3G2cXHN8UKYzP
Reelin' In The Years,Steely Dan,Reelin'_In_The_Years.mp3,4oup3KfsjiTNmx5LiJSZQf
Paradise City,Guns N' Roses,Paradise_City.mp3,6eN1f9KNmiWEhpE2RhQqB5
And We Danced,The Hooters,And_We_Danced.mp3,5xkNd7kCRmjT2DxSAYVVyC
I'm On Fire,Bruce Springsteen,I'm_On_Fire.mp3,3PzsbWSQdLCKDLxn7YZfkM
New York Groove,Ace Frehley,New_York_Groove.mp3,1BvpeiApX8qhof8Pmi3YlH
Young Turks - 2008 Remaster,Rod Stewart,Young_Turks_-_2008_Remaster.mp3,5n1amEDwVKucAGMqePk9yN
Life in the Fast Lane - 2013 Remaster,Eagles,Life_in_the_Fast_Lane_-_2013_Remaster.mp3,6gXrEUzibufX9xYPk3HD5p
Rich Girl,Daryl Hall & John Oates,Rich_Girl.mp3,5E3P9e1hvjyIOlFyqNB5eD
Panama - 2015 Remaster,Van Halen,Panama_-_2015_Remaster.mp3,05RgAMGypEvqhNs5hPCbMS
Brass in Pocket - 2006 Remaster,Pretenders,Brass_in_Pocket_-_2006_Remaster.mp3,1QaJWSCk3UMKLotnPCIHh1
Centerfold,The J. Geils Band,Centerfold.mp3,1ynmMEK1fkyiZ6Z6F3ThEt
Livin' Thing,Electric Light Orchestra,Livin'_Thing.mp3,2hdNya0b6Cc2YJ8IyaQIWp
Africa,TOTO,Africa.mp3,2374M0fQpWi3dLnB54qaLX
Feelin' Alright,Joe Cocker,Feelin'_Alright.mp3,0Jl5bIEve3A4axcjY3EgDZ
Sunday Bloody Sunday - Remastered 2008,U2,Sunday_Bloody_Sunday_-_Remastered_2008.mp3,6C4LXC9UFH1IKiHYOp0BiJ
The Kids Are Back,Twisted Sister,The_Kids_Are_Back.mp3,7xzmJPFQAn0O1ZYYtbGRlz
(Don't Fear) The Reaper,Blue Öyster Cult,(Don't_Fear)_The_Reaper.mp3,5QTxFnGygVM4jFQiBovmRo
"Rocket Man (I Think It's Going To Be A Long, Long Time)",Elton John,"Rocket_Man_(I_Think_It's_Going_To_Be_A_Long,_Long_Time).mp3",3gdewACMIVMEWVbyb8O9sY
Don't You (Forget About Me),Simple Minds,Don't_You_(Forget_About_Me).mp3,4aWn4NHlELpOehxsBaQeoe
The Power Of Love,Huey Lewis & The News,The_Power_Of_Love.mp3,2olVm1lHicpveMAo4AUDRB
Hit Me With Your Best Shot,Pat Benatar,Hit_Me_With_Your_Best_Shot.mp3,0vOkmmJEtjuFZDzrQSFzEE
Any Way You Want It,Journey,Any_Way_You_Want_It.mp3,71SvEDmsOwIWw1IozsZoMA
Jack & Diane,John Mellencamp,Jack_&_Diane.mp3,43btz2xjMKpcmjkuRsvxyg
Escape (The Pina Colada Song),Rupert Holmes,Escape_(The_Pina_Colada_Song).mp3,5IMtdHjJ1OtkxbGe4zfUxQ
Don't Go Breaking My Heart,Elton John,Don't_Go_Breaking_My_Heart.mp3,0bV4WoGRzmYV6y7OojZvqr
Because the Night,Patti Smith,Because_the_Night.mp3,77XlfkvXtMwppbEU5sku97
Take It Easy - 2013 Remaster,Eagles,Take_It_Easy_-_2013_Remaster.mp3,4yugZvBYaoREkJKtbG08Qr
Call Me,Blondie,Call_Me.mp3,7HKxTNVlkHsfMLhigmhC0I
More Than a Feeling,Boston,More_Than_a_Feeling.mp3,1QEEqeFIZktqIpPI4jSVSF
My Life,Billy Joel,My_Life.mp3,4ZoBC5MhSEzuknIgAkBaoT
Nothin' But A Good Time,Poison,Nothin'_But_A_Good_Time.mp3,6G09JrmKdDAe29eSH8ZQmR
You're so Vain,Carly Simon,You're_so_Vain.mp3,2DnJjbjNTV9Nd5NOa1KGba
Take Me Home Tonight,Eddie Money,Take_Me_Home_Tonight.mp3,7b4yGtR0rujvLi5EBfKKJ2
Maneater,Daryl Hall & John Oates,Maneater.mp3,7j74lucZ59vqN67Ipe2ZcY
Low Rider,War,Low_Rider.mp3,2fmMPJb5EzZCx8BcNJvVk4
Don't Stand So Close To Me,The Police,Don't_Stand_So_Close_To_Me.mp3,5veJDT0MLsLbhYsx42GXUD
In The Air Tonight - 2015 Remastered,Phil Collins,In_The_Air_Tonight_-_2015_Remastered.mp3,18AXbzPzBS8Y3AkgSxzJPb
Cecilia - Single Mix,Simon & Garfunkel,Cecilia_-_Single_Mix.mp3,11CeyEFt21BvAICfd4U8FA
Barracuda,Heart,Barracuda.mp3,4KfSdst7rW39C0sfhArdrz
R.O.C.K. In The U.S.A. (A Salute To 60's Rock),John Mellencamp,R.O.C.K._In_The_U.S.A._(A_Salute_To_60's_Rock).mp3,0lqfBvf1Gqmmt3l5Qeirlm
Everybody Wants To Rule The World,Tears For Fears,Everybody_Wants_To_Rule_The_World.mp3,4RvWPyQ5RL0ao9LPZeSouE
Little Red Corvette - Single Version,Prince,Little_Red_Corvette_-_Single_Version.mp3,6X4JeTWCuKEzKOEHXDtyBo
One Way Or Another,Blondie,One_Way_Or_Another.mp3,1gKmnrz6SzJlGMNRKBLx1V
Livin' On A Prayer,Bon Jovi,Livin'_On_A_Prayer.mp3,37ZJ0p5Jm13JPevGcx4SkF
I Want It All,Queen,I_Want_It_All.mp3,0GQo5VkiurD6HnVpaCNeMf
Cold as Ice,Foreigner,Cold_as_Ice.mp3,7vidktgNZFQylTgH1GEnMs
I Won't Back Down,Tom Petty,I_Won't_Back_Down.mp3,7gSQv1OHpkIoAdUiRLdmI6
That's All - 2007 Remaster,Genesis,That's_All_-_2007_Remaster.mp3,2zFdsAIk9r2Mi7Lmm1w3sM
Mony Mony,Billy Idol,Mony_Mony.mp3,3GfGTJ2xzC0rqKgdjNJLOC
I Love Rock 'N Roll,Joan Jett & The Blackhearts,I_Love_Rock_N_Roll.mp3,2Cdvbe2G4hZsnhNMKyGrie
Heroes - 1999 Remaster,David Bowie,Heroes_-_1999_Remaster.mp3,5j6ZZwA9BnxZi5Bk0Ng4jB
Don't Get Me Wrong - 2007 Remaster,Pretenders,Don't_Get_Me_Wrong_-_2007_Remaster.mp3,6Wiamk8BAAP50gAAJopsy2
Running on Empty,Jackson Browne,Running_on_Empty.mp3,4MZEZz8MqVgvIMXU6AVP22
Sweet Emotion,Aerosmith,Sweet_Emotion.mp3,24NwBd5vZ2CK8VOQVnqdxr
4AM in Coventry,JAY1,04:00_in_Coventry.mp3,2BNgc0c0zXaHpao46xzqit
Fresh,FooR,Fresh.mp3,2lWrsx66zdq87tztPOzRoz
Good as Hell,Lizzo,Good_as_Hell.mp3,3Yh9lZcWyKrK9GjbhuS0hR
Turn Me On (feat. Vula),Riton,Turn_Me_On_(feat._Vula).mp3,0qaWEvPkts34WF68r8Dzx9
God Is A Dancer (with Mabel),Tiësto,God_Is_A_Dancer_(with_Mabel).mp3,6fenHIxXuuzKB55wY4WCHP
Memories,Maroon 5,Memories.mp3,2b8fOow8UzyDFAE27YhOZM
South of the Border (feat. Camila Cabello & Cardi B),Ed Sheeran,South_of_the_Border_(feat._Camila_Cabello_&_Cardi_B).mp3,4vUmTMuQqjdnvlZmAH61Qk
Dance Monkey,Tones And I,Dance_Monkey.mp3,421leiR6jKlH5KDdwLYrOs
Good Thing (with Kehlani),Zedd,Good_Thing_(with_Kehlani).mp3,5aUSEPNd3m5xliFK4pn5mU
Trampoline,SHAED,Trampoline.mp3,0lsRatBUs9HNIZAmoGABzk
What You Did (feat. Ella Mai),Mahalia,What_You_Did_(feat._Ella_Mai).mp3,2B7UWqNqKgPVGQQ6FXn2PP
Will We Talk?,Sam Fender,Will_We_Talk?.mp3,6XVQ2jSrYEanva8mFZHr3y
Cat Pack,AJ Tracey,Cat_Pack.mp3,1i3UvjbQS0OoBoKkILthR2
"2 Cups (feat. Popcaan, Fredo & Tory Lanez)",Stay Flee Get Lizzy,"2_Cups_(feat._Popcaan,_Fredo_&_Tory_Lanez).mp3",0qQFyJw6mbLyzWSWmx1poL
Strange - Edit,Celeste,Strange_-_Edit.mp3,5Ck2pBM8zZNIjIxeiEiVvy
Don’t Call Me Angel (Charlie’s Angels) (with Miley Cyrus & Lana Del Rey),Ariana Grande,Don’t_Call_Me_Angel_(Charlie’s_Angels)_(with_Miley_Cyrus_&_Lana_Del_Rey).mp3,3NkJNL3WqO1Lqc3uNDxvCN
Trust Issues,NSG,Trust_Issues.mp3,2cgELeRnPeDFuGrY96Lj6m
HIGHEST IN THE ROOM,Travis Scott,HIGHEST_IN_THE_ROOM.mp3,3eekarcy7kvN4yt5ZFzltW
Both,Headie One,Both.mp3,15nKLSvslk7jntDkxIdYmq
G Love,Krept & Konan,G_Love.mp3,6iWSILyqtCuVXSB9e0woqH
original me (feat. dan reynolds of imagine dragons),YUNGBLUD,original_me_(feat._dan_reynolds_of_imagine_dragons).mp3,4KzOYxD4qIkUtZV9ZYakGu
10/10,Rex Orange County,10/10.mp3,0tByDZgQzoNfFFmpgleB0s
Never Let You Go,Georgia,Never_Let_You_Go.mp3,6H15f8zwZSiFE1iseSvkLT
This Is On You,Maisie Peters,This_Is_On_You.mp3,2oeYjGXqPooFVy64aoqrJP
"10,000 Hours (with Justin Bieber)",Dan + Shay,"10,000_Hours_(with_Justin_Bieber).mp3",2wrJq5XKLnmhRXHIAf9xBa
Writing on the Wall (feat. Post Malone & Cardi B),French Montana,Writing_on_the_Wall_(feat._Post_Malone_&_Cardi_B).mp3,7x9nXsowok1JszkVztI5NI
So High (feat. Fredo),MIST,So_High_(feat._Fredo).mp3,5aubXDnDNVKA5pS7EnR0mp
47 (feat. Stefflon Don),Sidhu Moose Wala,47_(feat._Stefflon_Don).mp3,15rEEVR9tYJS4hbubgS3u7
Stack It Up (feat. A Boogie Wit da Hoodie),Liam Payne,Stack_It_Up_(feat._A_Boogie_Wit_da_Hoodie).mp3,1xU2QZ40MY4Ex2pfczZa9U
Graveyard,Halsey,Graveyard.mp3,6V9fHiv84WlVTg7CSnIVY2
Motivation,Normani,Motivation.mp3,0rIAC4PXANcKmitJfoqmVm
Something About You (with Rudimental),Elderbrook,Something_About_You_(with_Rudimental).mp3,3hYdai5p5sQ3vAmHQ6uaK6
Sorry (VIP Mix),Joel Corry,Sorry_(VIP_Mix).mp3,7r4rpr5CHbxm1saOfC52tO
We Got That Cool (feat. Afrojack & Icona Pop),Yves V,We_Got_That_Cool_(feat._Afrojack_&_Icona_Pop).mp3,2cFK03sObtI6AK3QKeOT5g
Professor X,Dave,Professor_X.mp3,6qvfyXGXEPEYwwqBykWw3H
Outside,D-Block Europe,Outside.mp3,3rCOBAs3ZykwJlltmyD3nW
Outnumbered,Dermot Kennedy,Outnumbered.mp3,6UjZ2Yx2g2a52XxiA8ONxZ
Nice To Meet Ya,Niall Horan,Nice_To_Meet_Ya.mp3,3cphb8kdsjElYR7r5icK3H
Ladbroke Grove,AJ Tracey,Ladbroke_Grove.mp3,7b4ky1LlQLFhXHmhZkFgqV
lonely,Lauv,lonely.mp3,5ti3e5tqEwtpTk7tcBuXcM
Harleys In Hawaii,Katy Perry,Harleys_In_Hawaii.mp3,5nCthAh3jt4xKuLJAifAaR
Post Malone (feat. RANI),Sam Feldt,Post_Malone_(feat._RANI).mp3,0qc4QlcCxVTGyShurEv1UU
Take Me Back to London (feat. Stormzy),Ed Sheeran,Take_Me_Back_to_London_(feat._Stormzy).mp3,3ERZA2UXA1cD5WAELjSpa6
Higher Love,Kygo,Higher_Love.mp3,6oJ6le65B3SEqPwMRNXWjY
hot girl bummer,blackbear,hot_girl_bummer.mp3,7aiClxsDWFRQ0Kzk5KI5ku
Lights Up,Harry Styles,Lights_Up.mp3,2plLJpUcYPFrl1sW2pMG63
Lose Control,MEDUZA,Lose_Control.mp3,7CHi4DtfK4heMlQaudCuHK
This Is Real (ft. Ella Henderson),Jax Jones,This_Is_Real_(ft._Ella_Henderson).mp3,3wF2VOoVu4ETxBMJHT4Yao
Liar,Camila Cabello,Liar.mp3,7LzouaWGFCy4tkXDOOnEyM
Be Honest (feat. Burna Boy),Jorja Smith,Be_Honest_(feat._Burna_Boy).mp3,5pAbCxt9e3f81lOmjIXwzd
Nobody To Love - Radio Edit,Sigma,Nobody_To_Love_-_Radio_Edit.mp3,2jsmSLoX8y0h6k4YzDCFH1
Don't Be so Hard on Yourself,Jess Glynne,Don't_Be_so_Hard_on_Yourself.mp3,0sUyqewVzwv0e5tK3hS6vJ
King,Years & Years,King.mp3,3AeicLnm55RqcXGBKYQolM
Higher Love,Kygo,Higher_Love.mp3,6oJ6le65B3SEqPwMRNXWjY
You've Got The Love,Florence + The Machine,You've_Got_The_Love.mp3,244AvzGQ4Ksa5637JQu5Gy
Body,Loud Luxury,Body.mp3,3jvpPbTJqfyKvEOtOsn83m
So Close,NOTD,So_Close.mp3,7FjZU7XFs7P9jHI9Z0yRhK
Bulletproof,La Roux,Bulletproof.mp3,3kMrazSvILsgcwtidZd1Qd
Dancing On My Own - Radio Edit,Robyn,Dancing_On_My_Own_-_Radio_Edit.mp3,7g13jf3zqlP5S68Voo5v9m
You Don't Know Me (feat. RAYE),Jax Jones,You_Don't_Know_Me_(feat._RAYE).mp3,4DJORZgsbqnEJ4f4B9TBGV
Lovin' Each Day,Ronan Keating,Lovin'_Each_Day.mp3,61fUmn6wYvU7qS62wNvQFN
Electricity (with Dua Lipa),Silk City,Electricity_(with_Dua_Lipa).mp3,5N4erncE7kuUccm7zEmwzk
Bittersweet Symphony (feat. Emily Roberts),GAMPER & DADONI,Bittersweet_Symphony_(feat._Emily_Roberts).mp3,6sYJuVcEu4gFHmeTLdHzRz
Sugar (feat. Francesco Yates),Robin Schulz,Sugar_(feat._Francesco_Yates).mp3,5tf1VVWniHgryyumXyJM7w
Valerie (feat. Amy Winehouse) - Version Revisited,Mark Ronson,Valerie_(feat._Amy_Winehouse)_-_Version_Revisited.mp3,4BfRDZLIiznSnwU7DdDL9N
When Love Takes Over (feat. Kelly Rowland),David Guetta,When_Love_Takes_Over_(feat._Kelly_Rowland).mp3,619bJQ9uDi8dnXzLebFI7y
Walking On A Dream,Empire of the Sun,Walking_On_A_Dream.mp3,5r5cp9IpziiIsR6b93vcnQ
Keeping Your Head Up,Birdy,Keeping_Your_Head_Up.mp3,5vuwXvQTpavYCgcPFnCMS4
3 Nights,Dominic Fike,3_Nights.mp3,1tNJrcVe6gwLEiZCtprs1u
My Head & My Heart,Ava Max,My_Head_&_My_Heart.mp3,1KixkQVDUHggZMU9dUobgm
Pure Shores,All Saints,Pure_Shores.mp3,5uHnDHx5J48FdT6FjwA7Z8
Everywhere,Fleetwood Mac,Everywhere.mp3,6i8ecOsx4J2Px1maiqzqoG
Paper Planes,M.I.A.,Paper_Planes.mp3,1kusepF3AacIEtUTYrw4GV
Juice,Lizzo,Juice.mp3,0k664IuFwVP557Gnx7RhIl
One Kiss (with Dua Lipa),Calvin Harris,One_Kiss_(with_Dua_Lipa).mp3,7ef4DlsgrMEH11cDZd32M6
Memories (feat. Kid Cudi),David Guetta,Memories_(feat._Kid_Cudi).mp3,5xYC48nOppVemY6U5GRGTb
Piece Of Your Heart,MEDUZA,Piece_Of_Your_Heart.mp3,5p1ex0pXv6jSPJ6QbumQpD
I Will Never Let You Down,Rita Ora,I_Will_Never_Let_You_Down.mp3,2ia7iiEtpiOL2ZVuWxBZGB
Green Light,Lorde,Green_Light.mp3,1WC5UN1U79gJlxGLYDGIO7
American Boy (feat. Kanye West),Estelle,American_Boy_(feat._Kanye_West).mp3,41on8RwRh22IHcChAN2gm8
I Love It (feat. Charli XCX),Icona Pop,I_Love_It_(feat._Charli_XCX).mp3,6HZ9VeI5IRFCNQLXhpF4bq
Superstar,Jamelia,Superstar.mp3,3oobWqIgYrSRg18uqRuPIF
Ain't Nobody,Rufus,Ain't_Nobody.mp3,53Za5vyGc1x7GxgJVRjRKc
Señorita,Justin Timberlake,Señorita.mp3,0aj2QKJvz6CePykmlTApiD
Pon de Replay,Rihanna,Pon_de_Replay.mp3,4TsmezEQVSZNNPv5RJ65Ov
Teardrops,Womack & Womack,Teardrops.mp3,34zDwAdksPXYzGINUT0oW7
Mr. Brightside,The Killers,Mr._Brightside.mp3,7oK9VyNzrYvRFo7nQEYkWN
Cold Heart - PNAU Remix,Elton John,Cold_Heart_-_PNAU_Remix.mp3,6zSpb8dQRaw0M1dK8PBwQz
Nevermind,Dennis Lloyd,Nevermind.mp3,63SevszngYpZOwf63o61K4
Like A G6,Far East Movement,Like_A_G6.mp3,4DvhkX2ic4zWkQeWMwQ2qf
Fast Car,Jonas Blue,Fast_Car.mp3,2mCF8L0brIs88eH6Kf2h9p
Ugly Heart,G.R.L.,Ugly_Heart.mp3,1Vv0MPcooEoQzVZYfKMgKW
Levitating (feat. DaBaby),Dua Lipa,Levitating_(feat._DaBaby).mp3,463CkQjx2Zk1yXoBuierM9
"World, Hold On - Radio Edit",Bob Sinclar,"World,_Hold_On_-_Radio_Edit.mp3",0muVO1yu2wQKNmMvEDrHTp
Rain On Me (with Ariana Grande),Lady Gaga,Rain_On_Me_(with_Ariana_Grande).mp3,24ySl2hOPGCDcxBxFIqWBu
Lush Life,Zara Larsson,Lush_Life.mp3,1rIKgCH4H52lrvDcz50hS8
The Mother We Share,CHVRCHES,The_Mother_We_Share.mp3,3PvzvltQZLIKk9YgoMP3Yq
Promises (with Sam Smith),Calvin Harris,Promises_(with_Sam_Smith).mp3,5N5k9nd479b1xpDZ4usjrg
Can't Stop,Red Hot Chili Peppers,Can't_Stop.mp3,3ZOEytgrvLwQaqXreDs2Jx
Ride It,Regard,Ride_It.mp3,2tnVG71enUj33Ic2nFN6kZ
Sex On Fire,Kings of Leon,Sex_On_Fire.mp3,7aOoPSmSSkWKnh3zi908ty
Dog Days Are Over,Florence + The Machine,Dog_Days_Are_Over.mp3,6eN9yBWv9zFVZFXGsPrMxj
All Around The World (La La La),R3HAB,All_Around_The_World_(La_La_La).mp3,02itaCXOdC54J0ISjqqFAp
Ghost,Ella Henderson,Ghost.mp3,2FiceoWDJ67rrmb5tGBpgE
(Your Love Keeps Lifting Me) Higher & Higher,Jackie Wilson,(Your_Love_Keeps_Lifting_Me)_Higher_&_Higher.mp3,4TBBPZks71c60whhq0PgdP
Woke Up Late (feat. Hailee Steinfeld),Drax Project,Woke_Up_Late_(feat._Hailee_Steinfeld).mp3,3k8YdriWQss396m6Q6rTzV
I Follow Rivers - The Magician Remix,Lykke Li,I_Follow_Rivers_-_The_Magician_Remix.mp3,1PnmXdkqRktZT67tE8fv7d
Go Your Own Way,Fleetwood Mac,Go_Your_Own_Way.mp3,15rjQH7nTcTomKwfVMd4xl
Let Me Entertain You,Robbie Williams,Let_Me_Entertain_You.mp3,76SFcrLi5d60pHrzfvSjsJ
Your Song,Rita Ora,Your_Song.mp3,4c2W3VKsOFoIg2SFaO6DY5
"Carry On (from the Original Motion Picture ""POKÉMON Detective Pikachu"")",Kygo,"Carry_On_(from_the_Original_Motion_Picture_""POKÉMON_Detective_Pikachu"").mp3",3y3brCCecHC3Db18aIOnny
Rather Be (feat. Jess Glynne),Clean Bandit,Rather_Be_(feat._Jess_Glynne).mp3,61dCUoMCg28qEBzrW6htYM
Love Generation - Radio Edit,Bob Sinclar,Love_Generation_-_Radio_Edit.mp3,77gYpyxmd4b4VXw6qeuPJR
Somebody Told Me,The Killers,Somebody_Told_Me.mp3,3twNvmDtFQtAd5gMKedhLD
Bad Habits,Ed Sheeran,Bad_Habits.mp3,6PQ88X9TkUIAUIZJHW2upE
You Can Call Me Al,Paul Simon,You_Can_Call_Me_Al.mp3,0qxYx4F3vm1AOnfux6dDxP
Time of Our Lives,Pitbull,Time_of_Our_Lives.mp3,2bJvI42r8EF3wxjOuDav4r
Glamorous,Fergie,Glamorous.mp3,6vVfNqiMSku4FrqsqhurBK
Feel It Still,Portugal. The Man,Feel_It_Still.mp3,6QgjcU0zLnzq5OrUoSZ3OK
Lean On (feat. MØ & DJ Snake),Major Lazer,Lean_On_(feat._MØ_&_DJ_Snake).mp3,4vS8VaBwJJV5Ry7UFIQuoo
Good Grief,Bastille,Good_Grief.mp3,7n9bPHZvl5UvmLPhNjUH1C
Wild Ones (feat. Sia),Flo Rida,Wild_Ones_(feat._Sia).mp3,1NpW5kyvO4XrNJ3rnfcNy3
Hung Up,Madonna,Hung_Up.mp3,3850dYVgOFIXJh5U4BFEWH
Butterfly,Crazy Town,Butterfly.mp3,4BggEwLhGfrbrl7JBhC8EC
Close Your Eyes,Felix Jaehn,Close_Your_Eyes.mp3,7N06jo3EnV792VFaG8vuW6
"Never Leave You (Uh Oooh, Uh Oooh)",Lumidee,"Never_Leave_You_(Uh_Oooh,_Uh_Oooh).mp3",4c9VuqkKaey9u0IihbUKTt
That Don't Impress Me Much,Shania Twain,That_Don't_Impress_Me_Much.mp3,0KvLsZYwodakWxOQUYAR5I
Don't Stop The Music,Rihanna,Don't_Stop_The_Music.mp3,0ByMNEPAPpOR5H69DVrTNy
Power Over Me,Dermot Kennedy,Power_Over_Me.mp3,0OGNtqKkjI7FCE9HZ4Khgo
Prayer in C - Robin Schulz Radio Edit,Lilly Wood and The Prick,Prayer_in_C_-_Robin_Schulz_Radio_Edit.mp3,5fnA9mkIfScSqHIpeDyvck
About Damn Time,Lizzo,About_Damn_Time.mp3,1PckUlxKqWQs3RlWXVBLw3
Can't Get You out of My Head,Kylie Minogue,Can't_Get_You_out_of_My_Head.mp3,3E7ZwUMJFqpsDOJzEkBrQ7
Hypnotize,The Notorious B.I.G.,Hypnotize.mp3,1oLIBuedMjAbHlO4WTGJi3
Blinding Lights,The Weeknd,Blinding_Lights.mp3,0VjIjW4GlUZAMYd2vXMi3b
Teenage Dirtbag,Wheatus,Teenage_Dirtbag.mp3,3LI4MmibTkXH5cGpCGZgyw
Sky and Sand,Paul Kalkbrenner,Sky_and_Sand.mp3,4IsHMzDbRE8q5Z4ALsQj3o
I'll Be There,Jess Glynne,I'll_Be_There.mp3,083Qf6hn6sFL6xiOHlZUyn
Leave (Get Out),JoJo,Leave_(Get_Out).mp3,3BtAx1hpw7kYweaAnTCBQL
Shivers,Ed Sheeran,Shivers.mp3,6bQfNiqyCX7UaQSvVVGo4I
Rock DJ,Robbie Williams,Rock_DJ.mp3,7oQSevUCbYs4QawXTHQVV1
Meet Me Halfway,Black Eyed Peas,Meet_Me_Halfway.mp3,3F9ByoUqu31xU0I3G5xfVg
Alarm,Anne-Marie,Alarm.mp3,572xshmOviSGH70oPYMCZV
Are You with Me - Radio Edit,Lost Frequencies,Are_You_with_Me_-_Radio_Edit.mp3,2j3iuup8OrBpXyf2F967Rb
Song 2 - 2012 Remaster,Blur,Song_2_-_2012_Remaster.mp3,1FTSo4v6BOZH9QxKc3MbVM
Blame It on Me,George Ezra,Blame_It_on_Me.mp3,2Zgnaip1c876zmBhz9HifI
Heat Waves,Glass Animals,Heat_Waves.mp3,02MWAaffLxlfxAUY7c5dvx
Jenny from the Block (feat. Jadakiss & Styles P.) - Track Masters Remix,Jennifer Lopez,Jenny_from_the_Block_(feat._Jadakiss_&_Styles_P.)_-_Track_Masters_Remix.mp3,4ZOyH6KjomjlqCz3oFqglr
Outnumbered,Dermot Kennedy,Outnumbered.mp3,6UjZ2Yx2g2a52XxiA8ONxZ
Unforgettable,French Montana,Unforgettable.mp3,3B54sVLJ402zGa6Xm4YGNe
Good As Hell,Lizzo,Good_As_Hell.mp3,6uAm7pG66O1XesXS9bpHSF